uid,rms,flatness,centroid,band_energy,peak_freq,ridge_length,grad_t,grad_f,rolloff,bandwidth,zcr,contrast,tonnetz,mfcc1,mfcc2,mfcc3,mfcc4,mfcc5,label
match4_0000137763_0000137822,0.11682301014661789,0.002352476352825761,1363.3640014038176,-55.1328239440918,3789.84375,10.0,1.7387101650238037,4.530816555023193,2009.2134915865386,1488.3745480081475,0.07350510817307693,20.900200835593328,0.011868543939480477,-159.50234985351562,153.65426635742188,-35.18057632446289,-8.985186576843262,-43.580936431884766,0
match4_0000189358_0000189416,0.0249391570687294,0.012915248982608318,3674.0523321007963,-34.0335578918457,4198.974609375,10.0,1.7275115251541138,4.456119537353516,7226.874248798077,2730.6527486050713,0.28177584134615385,22.9138986072659,-0.013549122169706026,-294.8852844238281,59.397274017333984,17.91819190979004,65.53356170654297,-6.663046836853027,0
match4_0000213913_0000213971,0.18535828590393066,0.001608187798410654,3496.3274124652066,-39.403480529785156,3908.2763671875,7.0,2.02095627784729,4.9138994216918945,4299.1868239182695,1803.3141261797546,0.28699669471153844,22.25064597866356,0.009750878350526083,-235.53416442871094,24.992576599121094,14.026962280273438,84.94458770751953,-28.090330123901367,1
match4_0000314711_0000314769,0.12489987909793854,0.014084100723266602,2745.5330187935756,-35.12340545654297,4048.2421875,7.0,1.83132803440094,4.680509090423584,4572.4928635817305,2167.2983507569957,0.20387620192307693,22.957266445672825,0.037083035009094274,-117.05696105957031,74.82344055175781,-32.05940246582031,40.30744171142578,-10.182601928710938,1
match4_0000434242_0000434300,0.13424690067768097,0.005002451594918966,1921.6017818115383,-38.374267578125,3962.109375,8.0,1.9183155298233032,4.906444072723389,3591.075721153846,1862.3805863337843,0.13427734375,22.669107140228277,0.011399139193922068,-100.2874755859375,119.14231872558594,-47.908836364746094,3.0112783908843994,-26.215749740600586,1
match4_0000471962_0000472021,0.11159729957580566,0.006160361226648092,3821.3297919122315,-32.28549575805664,4026.708984375,8.0,1.9227018356323242,4.837480068206787,5823.903245192308,2056.2279506974733,0.3236553485576923,23.05135395449613,0.022410074739989377,-192.63343811035156,40.004085540771484,-13.877147674560547,60.79302215576172,-12.95785903930664,1
match4_0000512226_0000512284,0.10456515103578568,0.019101306796073914,3011.979660617102,-33.99883270263672,3714.4775390625,4.0,1.778583288192749,4.413549423217773,6579.221754807692,2571.8229387369747,0.21337890625,22.983563747289647,0.05173548557285972,-93.48118591308594,83.67479705810547,-22.213497161865234,20.212736129760742,-23.59676742553711,0
match4_0000518426_0000518484,0.08584669232368469,0.010272238403558731,2594.3883112373833,-32.2635612487793,4123.6083984375,7.0,1.876247763633728,4.596100330352783,4420.932241586538,2199.1770332722267,0.24504206730769232,22.91175999709633,-0.009835984455309676,-122.81046295166016,105.28235626220703,-35.78379440307617,26.661865234375,-35.80392837524414,1
match4_0000555728_0000555787,0.15688923001289368,0.004187297075986862,2412.539973424831,-36.51274108886719,4134.375,9.0,1.9233818054199219,4.3944854736328125,4161.705603966346,2173.06405581439,0.18389423076923078,24.13912609836248,-0.013357850364767637,-123.93563842773438,102.83383178710938,-22.34064483642578,45.3306884765625,-18.506359100341797,1
match4_0000627902_0000627960,0.03215158358216286,0.004668879322707653,1834.057603496322,-35.101497650146484,3972.8759765625,8.0,1.9603842496871948,4.4385457038879395,3546.3529146634614,1937.5453156933804,0.1122295673076923,23.3062787818712,0.013419207820431173,-246.37957763671875,133.453125,-27.064218521118164,23.623807907104492,-14.257410049438477,0
match4_0000654210_0000654268,0.13311076164245605,0.03084491565823555,3415.2779288603174,-31.550806045532227,3703.7109375,8.0,1.9769287109375,4.277202129364014,6210.672701322115,2386.335644671828,0.24109825721153846,20.136487159533054,-0.026453948010072514,-104.67814636230469,42.798583984375,-6.518401145935059,55.77256774902344,-12.926586151123047,0
match4_0000665147_0000665205,0.17020294070243835,0.006696178577840328,2714.534968833616,-31.939498901367188,4112.841796875,7.0,1.8948478698730469,4.854247093200684,4546.8186598557695,2201.265638726,0.21822415865384615,25.64391080700683,-0.009021896338122361,-91.40750885009766,84.55320739746094,-39.332679748535156,44.62720489501953,-13.008123397827148,1
match4_0000722320_0000722378,0.11828868091106415,0.0070785400457680225,2735.6281499339557,-33.292022705078125,4091.30859375,13.0,2.396315574645996,4.409286975860596,4284.279221754808,2150.9659406793953,0.21826171875,24.559357642022224,0.022074784513622443,-115.775634765625,101.06974792480469,-40.50682067871094,31.714405059814453,-28.705272674560547,1
match4_0000747444_0000747502,0.11681048572063446,0.005215478595346212,2355.6609353004815,-38.78693389892578,4145.1416015625,10.0,2.20253849029541,4.369482040405273,4237.071814903846,2160.7797356564097,0.19219501201923078,24.116440323691403,0.0030256603855658456,-114.77629852294922,113.23713684082031,-39.53802490234375,3.339327096939087,-42.90241241455078,1
match4_0000764586_0000764644,0.10777147114276886,0.0029251149389892817,2854.5728252391054,-29.721101760864258,3757.5439453125,5.0,1.7896931171417236,4.958817481994629,4141.8288010817305,2137.479203630149,0.2862079326923077,22.039477591903538,-0.03686455287062489,-172.62838745117188,91.19438934326172,-11.939967155456543,49.789485931396484,-40.062965393066406,1
match4_0000777020_0000777079,0.15096056461334229,0.007277269382029772,2247.03917327784,-36.56309509277344,4048.2421875,9.0,1.9132729768753052,4.235870838165283,4024.224384014423,2060.628735435205,0.18622295673076922,24.41894595654752,0.03316363151079629,-92.03978729248047,112.11216735839844,-37.24480056762695,17.331575393676758,-26.56879425048828,1
match4_0000814172_0000814230,0.027871260419487953,0.004318844061344862,1743.39354906443,-36.277496337890625,3703.7109375,12.0,1.7760459184646606,4.450551509857178,3405.558894230769,1883.8952670768044,0.11707481971153846,22.304816277306397,-0.0028767064376711967,-253.34471130371094,140.75918579101562,-29.420825958251953,46.982975006103516,1.6642016172409058,0
match4_0000843284_0000843342,0.13007575273513794,0.004083557054400444,3292.7993717563195,-29.318986892700195,3714.4775390625,6.0,2.0059804916381836,4.817468643188477,4749.727689302885,2203.8490491991643,0.3000676081730769,24.31089673204272,-0.030910369454339223,-171.1328887939453,80.36851501464844,-8.296113967895508,45.80268859863281,-47.16693878173828,1
match4_0000848590_0000848648,0.10824720561504364,0.017632771283388138,3012.599878642731,-30.668071746826172,4080.5419921875,10.0,1.8557051420211792,4.772636413574219,5301.308969350962,2326.0170840707506,0.22051532451923078,24.304934164420104,-0.00849549066039041,-131.74459838867188,67.87464904785156,-5.8289313316345215,45.331844329833984,-31.11800193786621,1
match4_0000956487_0000956546,0.16083399951457977,0.0036314628086984158,4004.2281403759216,-35.6462287902832,4005.17578125,7.0,1.7652347087860107,5.475234508514404,6297.633713942308,2011.2213442789102,0.3142277644230769,22.686446856788844,-0.03942610557194805,-216.30606079101562,32.707889556884766,23.400583267211914,71.26372528076172,-42.646888732910156,1
match4_0001003984_0001004036,0.13927976787090302,0.003482073312625289,2211.0227158035636,-35.311981201171875,3865.2099609375,7.0,1.7464299201965332,4.618144989013672,3758.441162109375,1861.6175132504914,0.17606608072916666,22.158997117752126,0.015705256490582145,-117.5626220703125,109.40351104736328,-40.253719329833984,54.414302825927734,-10.805901527404785,1
match4_0001024116_0001024174,0.10875855386257172,0.005033002234995365,2038.213832619839,-42.84275817871094,3800.6103515625,7.0,1.877804160118103,4.998856067657471,3595.2167217548076,1729.996167243906,0.16661658653846154,22.319240332880508,-0.006008275860990396,-121.18331909179688,126.19529724121094,-60.03516387939453,32.930728912353516,-9.54207992553711,1
match4_0001069174_0001069232,0.11203985661268234,0.028382211923599243,3407.2603348428333,-29.880903244018555,3746.77734375,10.0,1.9433917999267578,4.631829261779785,6738.236177884615,2510.8477001960077,0.23659104567307693,21.541740736522677,-0.02212797679988632,-95.23519134521484,49.10801315307617,-13.894291877746582,44.26851272583008,-8.366914749145508,0
match4_0001089300_0001089358,0.18145158886909485,0.004905993118882179,2066.1973486497204,-32.99021911621094,4026.708984375,10.0,1.9686095714569092,4.681231498718262,3872.663762019231,1891.650348780166,0.17157451923076922,23.086765879778444,0.01696405393526454,-66.68217468261719,128.64891052246094,-47.93894958496094,31.751941680908203,-23.190731048583984,1
match4_0001111556_0001111614,0.06552023440599442,0.01486379373818636,3675.6340739455063,-24.395748138427734,3714.4775390625,7.0,1.9875730276107788,4.285609245300293,7086.908428485577,2514.8335639756615,0.2560847355769231,21.774619673785708,-0.01695424250722762,-181.407958984375,56.9278564453125,5.247283458709717,59.160160064697266,-31.875303268432617,0
match4_0001115144_0001115202,0.11097661405801773,0.003989319782704115,2065.9226509517566,-39.40802764892578,3800.6103515625,6.0,1.9442942142486572,4.367218494415283,3583.6219200721152,1761.649037073255,0.18006310096153846,22.472659045175497,0.006529027444882772,-127.22098541259766,120.81104278564453,-49.296016693115234,49.502506256103516,3.5490927696228027,1
match4_0001136587_0001136645,0.11262387782335281,0.006571904756128788,2065.1603848073264,-38.52507781982422,3832.91015625,9.0,1.9420075416564941,4.3638811111450195,3686.3187349759614,1679.9380386180496,0.15061598557692307,22.946766638865174,0.04710891375946809,-123.61429595947266,124.26974487304688,-61.80464553833008,48.74859619140625,-14.115955352783203,1
match4_0001199223_0001199281,0.11774105578660965,0.020918143913149834,2556.4612680304367,-34.57307052612305,4134.375,9.0,2.1587209701538086,4.476441860198975,4719.0842848557695,2261.287144188554,0.1979041466346154,21.49259078610646,0.018918367590510413,-70.07544708251953,96.09070587158203,-35.77526092529297,23.25411033630371,-16.57398796081543,1
match4_0001223563_0001223621,0.12570247054100037,0.004963139072060585,2821.3592044961824,-33.745994567871094,3983.642578125,4.0,1.9218723773956299,4.407395362854004,4989.905724158654,2227.381010990852,0.21886268028846154,22.708444781548252,0.03212408395713854,-144.6528778076172,78.60347747802734,1.7278177738189697,63.32525634765625,-29.610877990722656,1
match4_0001269301_0001269359,0.02241726592183113,0.002777227433398366,1382.356599069037,-45.0087776184082,3714.4775390625,4.0,1.7919977903366089,4.604177474975586,2665.9761868990386,1823.787758682229,0.06449068509615384,21.129406228982965,-0.011801533627035217,-300.9938049316406,145.11851501464844,-10.990972518920898,41.98910140991211,8.650430679321289,0
match4_0001292811_0001292869,0.06448011100292206,0.004428972490131855,3467.629067658244,-41.64173889160156,3962.109375,3.0,1.7043545246124268,4.483415603637695,5082.664137620192,1896.3519759077321,0.2672776442307692,22.74720893736651,0.0005945541442146572,-280.5700988769531,39.024635314941406,15.717337608337402,90.48704528808594,-31.95158576965332,1
match4_0001308815_0001308874,0.05489468574523926,0.007168519776314497,2553.2966154563987,-35.79434585571289,3736.0107421875,8.0,1.7865262031555176,4.880860328674316,4170.815805288462,2094.0702547202786,0.19264573317307693,22.55057385292219,0.01840654292026297,-214.37867736816406,82.70046997070312,-17.11204719543457,73.58335876464844,-8.74156379699707,1
match4_0001316733_0001316792,0.14225545525550842,0.009637052193284035,2090.803279171957,-36.37535095214844,3962.109375,11.0,1.8755724430084229,4.90781831741333,3932.294170673077,2006.8085489524349,0.1549353966346154,21.45821460799903,-0.006969520930897612,-66.4403076171875,115.13468933105469,-31.78411102294922,25.189563751220703,-31.275728225708008,1
match4_0001432003_0001432061,0.058848366141319275,0.006252926308661699,1861.1424545417854,-30.600690841674805,3822.1435546875,4.0,1.8599903583526611,4.619833469390869,3806.407752403846,1921.3038692752548,0.10430438701923077,22.351628962671843,-0.034319674832093805,-176.5210723876953,126.9072265625,-28.358522415161133,20.031024932861328,-25.837177276611328,0
match4_0001438737_0001438795,0.09104463458061218,0.01822488196194172,3229.7085851749716,-29.7616024017334,4166.6748046875,7.0,2.0337843894958496,4.478504180908203,5886.0182542067305,2387.211178767857,0.29210486778846156,21.496515334000463,0.023372789179474017,-131.96449279785156,76.62512969970703,-22.920724868774414,24.139020919799805,-32.57527160644531,1
match4_0001481642_0001481700,0.1268644481897354,0.016449835151433945,2372.6962016963107,-36.524478912353516,4091.30859375,5.0,1.926052212715149,4.699955940246582,4336.455829326923,2194.313306434034,0.14670973557692307,22.20668126793318,-0.02292085811790055,-84.81526184082031,95.06167602539062,-37.2627067565918,8.613203048706055,-16.469703674316406,1
match4_0001542606_0001542658,0.05469715967774391,0.0015996944857761264,1431.401758106478,-49.104835510253906,4112.841796875,12.0,1.7566241025924683,5.333591938018799,2846.868896484375,1587.8259536014348,0.06416829427083333,23.081611478268602,0.009248298175843897,-215.6201171875,150.25704956054688,-38.470027923583984,39.52100372314453,-18.19841194152832,0
match4_0001566284_0001566336,0.1821632832288742,0.0008593402453698218,3942.1393180218693,-37.559661865234375,4026.708984375,9.0,1.9908841848373413,4.593297958374023,4765.118408203125,1663.5266070515818,0.2930908203125,21.826558577499462,-0.04040848777270933,-244.16754150390625,20.639347076416016,26.639799118041992,83.8647689819336,-44.35160827636719,1
match4_0001665875_0001665933,0.10670705139636993,0.016793813556432724,2519.535246021017,-35.555702209472656,3843.6767578125,10.0,2.0750045776367188,4.724252223968506,5014.751727764423,2126.4754919904844,0.19568810096153846,22.68728975376028,-0.011859220013020227,-88.01293182373047,97.38215637207031,-39.541812896728516,26.092559814453125,-17.351228713989258,0
match4_0001742733_0001742791,0.1288084089756012,0.0033862474374473095,3215.5350411855634,-32.695228576660156,3811.376953125,8.0,2.023738384246826,5.558778762817383,5295.511568509615,2246.9552649949865,0.27877103365384615,25.664745958015445,0.003152625091730775,-157.54168701171875,82.09536743164062,-19.678380966186523,30.641735076904297,-50.13387680053711,1
match4_0001783135_0001783193,0.06916192173957825,0.004757891409099102,2365.1300132639244,-35.207191467285156,3972.8759765625,9.0,1.889514684677124,4.527141094207764,3978.673377403846,1996.3845120889112,0.20827073317307693,23.0643540765014,-0.0027371742170765115,-174.7422637939453,113.28402709960938,-27.96762466430664,43.68358612060547,-27.576173782348633,1
match4_0001808822_0001808880,0.014403609558939934,0.005565036553889513,1885.296794014914,-43.04410934448242,3725.244140625,11.0,1.847249984741211,4.536014080047607,3711.992938701923,2142.2979289159025,0.12225811298076923,22.17535467246925,-5.0510799807996724e-05,-331.7163391113281,120.40687561035156,-3.144148588180542,50.04290771484375,-0.46289247274398804,0
match4_0001811191_0001811249,0.11373624205589294,0.005372747778892517,2286.2673787105077,-39.43470764160156,4015.9423828125,8.0,1.8257781267166138,4.685173988342285,3969.563176081731,2056.6569759718896,0.1541466346153846,23.613870399099056,-0.010051291676922192,-139.69459533691406,101.95851135253906,-32.232322692871094,36.38592529296875,-17.718107223510742,1
match4_0001832513_0001832571,0.10473262518644333,0.015125183388590813,2942.01724284531,-30.018230438232422,4091.30859375,12.0,1.889382004737854,4.545856952667236,5163.827749399038,2238.5190361116324,0.2770808293269231,20.193252911933573,0.010335327242816439,-101.6553955078125,79.10752868652344,-36.222877502441406,33.669837951660156,-5.78997802734375,1
match4_0001859912_0001859970,0.1254110485315323,0.008998170495033264,2286.6697476956915,-38.31610870361328,4091.30859375,9.0,2.0263001918792725,4.809239864349365,4158.392803485577,2255.7371968088387,0.14967698317307693,22.56166304878392,0.023177817509374955,-103.00471496582031,102.52363586425781,-24.156919479370117,24.915433883666992,-6.0500640869140625,1
match4_0001882894_0001882952,0.1331273466348648,0.01013926137238741,2172.624418222519,-30.555938720703125,3886.7431640625,8.0,1.9107648134231567,4.301076412200928,3899.994365985577,2008.6089463852622,0.1653771033653846,21.97208476127346,-0.01596719678362766,-77.21401977539062,119.31462860107422,-37.85086441040039,24.43003273010254,-22.692981719970703,1
match4_0001972198_0001972256,0.11741220951080322,0.009135802276432514,2679.721917190319,-36.93405532836914,4015.9423828125,10.0,1.875396966934204,4.526464462280273,4776.230093149038,2387.656662309991,0.2345252403846154,21.864020766249876,0.014743503055457042,-144.8904571533203,85.38094329833984,-2.6306862831115723,52.25080871582031,-10.432276725769043,1
match4_0001980789_0001980842,0.09783638268709183,0.0034515776205807924,3351.15063733605,-31.454498291015625,4037.4755859375,10.0,1.7459204196929932,4.974374294281006,4980.450439453125,2140.7785156420878,0.2772216796875,24.427952270104175,0.030587658674238256,-203.0776824951172,57.06703567504883,8.455412864685059,82.77745056152344,-33.29129409790039,1
match4_0001999255_0001999313,0.08837202191352844,0.0041746096685528755,2779.979860181079,-32.612754821777344,4069.775390625,8.0,1.8795667886734009,4.837968349456787,4593.197866586538,2089.285675790553,0.24391526442307693,23.025558924802024,0.017388459377822157,-163.79043579101562,99.50048065185547,-23.79071044921875,58.434608459472656,-28.431825637817383,1
match4_0002036953_0002037011,0.12836821377277374,0.006724658887833357,2391.743160042702,-34.02847671508789,4026.708984375,8.0,1.980982780456543,4.618292808532715,4189.864408052885,2108.687676059397,0.18937800480769232,24.48724999235479,0.000897686505014544,-98.28459167480469,104.908203125,-37.86210632324219,36.09447479248047,-32.010955810546875,1
match4_0002057781_0002057839,0.1321631222963333,0.008990203961730003,2141.3289163247982,-39.25503921508789,3908.2763671875,7.0,1.7883367538452148,4.398685455322266,3991.924579326923,2070.5601447982217,0.13093449519230768,22.27853463231842,0.004653610200088264,-84.36323547363281,106.33989715576172,-35.310325622558594,30.82815170288086,-18.712278366088867,1
match4_0002098648_0002098706,0.09199574589729309,0.007394301239401102,2421.2040580313183,-33.1915168762207,3951.3427734375,11.0,2.0045671463012695,5.0083160400390625,4079.7137920673076,2120.7393592746407,0.23884465144230768,23.07800877102605,0.010319092487753211,-124.20138549804688,114.981201171875,-31.668516159057617,30.987728118896484,-40.82263946533203,1
match4_0002168267_0002168325,0.10589906573295593,0.0026325779035687447,1525.7802171216026,-43.48845291137695,3940.576171875,11.0,1.858222246170044,4.7760233879089355,3069.3096454326924,1570.139626364196,0.08950570913461539,21.93966171010776,-0.009012017829490704,-149.3107147216797,148.90206909179688,-40.87321472167969,21.247535705566406,-33.35527801513672,1
match4_0002179906_0002179964,0.12849317491054535,0.004632301162928343,3506.045512830024,-33.80403137207031,3811.376953125,9.0,1.6800899505615234,4.504988670349121,4850.768103966346,1862.8353789420967,0.29488431490384615,21.100569652609686,-0.00013129256717627548,-190.7294921875,31.8724365234375,-20.389522552490234,80.68498992919922,-18.34123420715332,1
match4_0002195493_0002195551,0.11911235749721527,0.005729914642870426,1994.813188050425,-39.0904655456543,3908.2763671875,11.0,1.7727209329605103,4.39143705368042,3965.422175480769,2022.282577346234,0.11861478365384616,21.838377427813732,-0.023804728603472925,-119.14273071289062,112.76626586914062,-19.39472770690918,31.428348541259766,-22.139387130737305,1
match4_0002249473_0002249531,0.12445206195116043,0.003555433126166463,3597.4826729663246,-28.3847599029541,3962.109375,3.0,1.8048710823059082,4.605198860168457,4545.990459735577,1899.9260952194104,0.2975886418269231,21.6808862290623,-0.04468725211073257,-242.7935333251953,40.58048629760742,4.914438247680664,91.17229461669922,-25.96677017211914,1
match4_0002291072_0002291130,0.1365029513835907,0.002467527985572815,3529.0729070975617,-35.350955963134766,4145.1416015625,9.0,1.9671976566314697,4.656078338623047,6000.3098707932695,2360.584680333681,0.26363431490384615,22.326700592631255,0.030932393884626912,-212.43063354492188,37.083377838134766,23.35550308227539,72.89612579345703,-19.41141700744629,1
match4_0002313647_0002313705,0.11220617592334747,0.0019298867555335164,3597.6795132789525,-33.37628936767578,3714.4775390625,9.0,1.804215669631958,4.837284088134766,4139.344200721154,1655.9341518477447,0.3010066105769231,21.697282393049914,-0.0538176867053925,-268.3805236816406,43.25885772705078,5.094470500946045,89.48231506347656,-29.407752990722656,1
match4_0002361318_0002361376,0.018882235512137413,0.009609759785234928,2739.517624752839,-43.08388137817383,3703.7109375,8.0,1.90103018283844,4.426366329193115,4356.332632211538,2233.122247631099,0.21570763221153846,21.2226416337233,-0.009287106478673266,-323.28387451171875,87.89451599121094,-6.228240013122559,60.42436218261719,-10.11062240600586,0
match4_0002539427_0002539485,0.08756212890148163,0.02209671214222908,2311.5289145726656,-47.07998275756836,3714.4775390625,11.0,1.943353533744812,4.509621620178223,4263.57421875,1986.1100734554589,0.1570763221153846,21.048616590559863,0.010678887572370802,-99.11180877685547,102.38465881347656,-49.265262603759766,14.774087905883789,0.48834070563316345,0
match4_0002553742_0002553800,0.011825750581920147,0.00489360885694623,1672.7510919822223,-36.439117431640625,3725.244140625,9.0,1.738076090812683,4.838693141937256,3656.5035306490386,1990.2356800420896,0.09157151442307693,21.62013929185793,-0.01024638996118085,-360.8717346191406,133.29415893554688,-7.663079261779785,54.12875747680664,3.991497278213501,0
match4_0002585118_0002585176,0.13616034388542175,0.003244412364438176,2264.397733181143,-36.33103942871094,4059.0087890625,10.0,2.0592997074127197,4.827683925628662,4094.621394230769,2227.3877748714435,0.1661658653846154,24.669283731860173,0.008962228328637429,-126.29324340820312,101.35005187988281,-25.657917022705078,38.174678802490234,-15.712869644165039,1
match4_0002650627_0002650685,0.13736660778522491,0.003890768624842167,1963.4468638474248,-42.809329986572266,4026.708984375,8.0,1.989290714263916,4.647245407104492,3841.192157451923,1998.2576414782513,0.11609825721153846,24.358343313444905,0.01428431935376941,-123.98764038085938,116.01596069335938,-29.536808013916016,22.533721923828125,-20.380523681640625,1
match4_0002710296_0002710355,0.08111218363046646,0.004027391783893108,2318.110750010336,-43.89218521118164,3703.7109375,9.0,1.8240127563476562,4.859879970550537,3946.373572716346,2139.2631194921623,0.17067307692307693,23.81892916261361,-0.0122930530408113,-196.32772827148438,92.92138671875,-10.104360580444336,67.47340393066406,-8.239633560180664,1
match4_0002725883_0002725941,0.12616105377674103,0.003379207570105791,1870.38005643731,-41.34864044189453,3919.04296875,10.0,1.845169186592102,4.670393943786621,3705.3673377403848,1896.385525935556,0.14892578125,22.667157686324863,-0.00016651111699214315,-109.93899536132812,130.42453002929688,-33.1322021484375,31.058658599853516,-24.521453857421875,1
match4_0002781042_0002781100,0.14026835560798645,0.006169618107378483,2531.0488106692096,-31.674978256225586,4123.6083984375,7.0,1.888501524925232,4.777909755706787,4524.457256610577,2191.3443884073645,0.19884314903846154,23.54585407258696,0.014800784862329327,-83.85371398925781,102.26444244384766,-32.839839935302734,36.45103073120117,-34.66565704345703,1
match4_0002939454_0002939512,0.08585257083177567,0.018219755962491035,3003.412162667694,-35.54458236694336,3736.0107421875,9.0,1.875037431716919,4.557163238525391,6137.791090745192,2412.3978404177556,0.22355769230769232,22.256841774782124,-0.02816823242496545,-128.0631561279297,88.234619140625,-21.909770965576172,16.84530258178711,-25.48230743408203,0
match4_0002951105_0002951163,0.13932408392429352,0.0068977405317127705,3006.7272685184435,-34.91751480102539,4198.974609375,10.0,2.096898317337036,4.128564834594727,5407.318584735577,2399.9415574619825,0.27137169471153844,23.181730166537477,0.014080784878862182,-100.70260620117188,89.98065948486328,-15.282171249389648,40.85563278198242,-25.10914421081543,1
match4_0002981366_0002981424,0.1482815146446228,0.0032344062346965075,4011.655369049275,-38.147884368896484,4134.375,8.0,2.0740976333618164,4.941577911376953,6040.0634765625,2002.2206265739821,0.3096454326923077,23.557963897404303,0.03888018724253993,-250.09979248046875,11.039999008178711,34.668304443359375,90.19657135009766,-19.77296257019043,1
match4_0003076260_0003076318,0.027776479721069336,0.003211414674296975,2684.120218224653,-30.505033493041992,3822.1435546875,10.0,1.9916609525680542,4.7090935707092285,5144.779146634615,2391.2941675185284,0.21022385817307693,23.042380218213975,-0.004242502677351178,-299.07904052734375,108.82540130615234,4.779586315155029,62.207637786865234,-7.265923023223877,0
match4_0003162035_0003162087,0.10500416904687881,0.0020325544755905867,3782.0521519208505,-36.62565612792969,3908.2763671875,7.0,1.9537272453308105,4.833420276641846,4862.017822265625,1812.5320275567392,0.2889404296875,22.148469950576125,0.003500685424758797,-255.5310516357422,29.086366653442383,10.601557731628418,65.33424377441406,-40.8905143737793,1
match4_0003193208_0003193266,0.17105770111083984,0.009218343533575535,2642.9375243194145,-37.697593688964844,3736.0107421875,7.0,1.8733689785003662,4.4235429763793945,4854.080904447115,2228.4202667832074,0.15801532451923078,21.948667438821627,-0.029918041520296514,-100.90494537353516,76.99201202392578,-17.102886199951172,68.44490051269531,-6.820538520812988,0
match4_0003204440_0003204498,0.12346075475215912,0.0050431350246071815,1948.7143183489404,-39.37931442260742,3843.6767578125,7.0,1.8905774354934692,4.562507629394531,3545.524714543269,1737.2947997905426,0.13619290865384615,24.467882746808293,0.044571291671665694,-122.58657836914062,122.77021026611328,-50.25282669067383,35.864810943603516,1.3548836708068848,1
match4_0003224346_0003224404,0.08171851933002472,0.005537279881536961,1992.2606257223529,-36.083595275878906,3854.443359375,8.0,2.0537688732147217,4.578141689300537,3619.2345252403848,1722.7287263547894,0.1930213341346154,22.25128519261162,0.03715692427697158,-134.13575744628906,133.51805114746094,-56.498863220214844,36.25464630126953,-15.20248794555664,1
match4_0003235149_0003235201,0.05582919716835022,0.010810338892042637,2373.5116997477517,-49.58483123779297,3725.244140625,8.0,1.724568247795105,4.613975524902344,4869.195556640625,2183.536400555241,0.15132649739583334,21.231852580453552,-0.002332722972249004,-204.83006286621094,96.55889892578125,-12.831364631652832,59.648040771484375,-11.395846366882324,0
match4_0003308234_0003308292,0.10786905884742737,0.0035785676445811987,3471.9407193597353,-31.317880630493164,3951.3427734375,9.0,1.9527405500411987,4.654592514038086,4290.076622596154,1813.801822930773,0.29090294471153844,22.573902446060398,0.005637902463359365,-208.62777709960938,58.33536148071289,-3.8689117431640625,59.627864837646484,-47.26539993286133,1
match4_0003334327_0003334385,0.025029964745044708,0.007184534799307585,2643.983912856437,-31.463743209838867,3768.310546875,11.0,1.7525817155838013,4.670114517211914,5314.560171274038,2463.1189381713,0.15335787259615385,20.279962613840127,-0.00848377549161011,-297.1044006347656,81.71121215820312,13.171823501586914,51.96305465698242,-11.751949310302734,0
match4_0003339110_0003339168,0.14124682545661926,0.0072733755223453045,2585.042688681012,-35.836063385009766,3854.443359375,7.0,1.8729884624481201,4.5788679122924805,4094.621394230769,2139.0853927170733,0.23200871394230768,21.357191729866717,-0.014081766801500417,-151.8273162841797,83.13361358642578,-5.306081295013428,64.64852142333984,-13.351502418518066,1
match4_0003368280_0003368338,0.15255701541900635,0.0031036906875669956,2684.373452805841,-37.1652717590332,3897.509765625,10.0,1.9032257795333862,4.739276885986328,4150.939002403846,2190.760175391992,0.21886268028846154,24.37522481407622,-0.023248636041092122,-143.7989501953125,80.49906158447266,-17.195173263549805,64.6110610961914,-18.938247680664062,1
match4_0003392313_0003392371,0.1275472193956375,0.0038210214115679264,2066.7268054599813,-34.773841857910156,3994.4091796875,6.0,1.922320008277893,4.695825576782227,3842.8485576923076,1943.9571811805881,0.1661658653846154,24.304269275752784,0.01630559006032756,-119.67964935302734,118.85553741455078,-28.31589126586914,52.114200592041016,-3.977017402648926,1
match4_0003415341_0003415399,0.12500813603401184,0.0064996699802577496,2101.693704973545,-41.322425842285156,3789.84375,11.0,1.7393919229507446,4.594970703125,3804.7513521634614,2085.7695066062865,0.15617487980769232,21.380088077634227,-0.007832824751577263,-121.31372833251953,103.85967254638672,-25.254894256591797,45.56533432006836,-5.23304557800293,1
match4_0003432600_0003432658,0.08284513652324677,0.010811151936650276,2226.937274705291,-33.37844467163086,3854.443359375,7.0,1.7735368013381958,4.475095748901367,3736.0107421875,1879.1590844807563,0.16950871394230768,21.323432434431272,-0.014526955326165906,-110.22584533691406,115.02027893066406,-54.43632507324219,18.96228790283203,-21.365732192993164,1
match4_0003453997_0003454055,0.15665578842163086,0.0024307132698595524,1925.4550730310536,-37.04441833496094,3886.7431640625,6.0,1.8031270503997803,4.888363838195801,3629.1729266826924,1784.9799658014977,0.13517878605769232,24.943659858945285,0.0038745940462459596,-106.53580474853516,118.80317687988281,-51.21120071411133,45.53055953979492,-4.3294291496276855,1
match4_0003525416_0003525474,0.10181570798158646,0.007832227274775505,2276.291379570638,-34.944149017333984,3940.576171875,6.0,2.214980363845825,4.631389617919922,3940.576171875,1894.6763071025784,0.1839317908653846,22.417640093911455,0.0248052232676046,-104.67400360107422,104.97488403320312,-53.91731262207031,21.583162307739258,-17.67573356628418,1
match4_0003550331_0003550389,0.14868202805519104,0.0038313197437673807,1952.9201990570948,-43.227603912353516,3908.2763671875,6.0,1.8694099187850952,4.469790458679199,3713.6493389423076,1938.2283207754735,0.13889723557692307,24.115327835773396,-0.010003456663275992,-102.16707611083984,120.40882110595703,-30.74112319946289,32.64218521118164,-23.97018051147461,1
match4_0003570253_0003570306,0.13162536919116974,0.0045113954693078995,1960.7481961186484,-39.65882110595703,3897.509765625,9.0,1.955240249633789,4.878617763519287,3787.152099609375,1890.8728182323682,0.11771647135416667,21.944368025221724,-0.018160956889915824,-94.35570526123047,127.49443817138672,-44.37721633911133,25.24274444580078,-35.839820861816406,1
match4_0003578554_0003578612,0.07232948392629623,0.002887825248762965,2003.2947735083767,-37.68333435058594,3703.7109375,7.0,1.8859658241271973,4.344069957733154,3808.064152644231,1895.7988118963954,0.14986478365384615,23.188627557852758,-0.04580524352100578,-190.07676696777344,145.86593627929688,-24.884075164794922,28.593496322631836,-41.79801940917969,0
match4_0003596707_0003596765,0.14344200491905212,0.0023203743621706963,2548.1422530253376,-30.430444717407227,3789.84375,12.0,1.7919195890426636,4.927452087402344,4606.449068509615,2260.0873493191166,0.20383864182692307,23.597379224558722,0.015441359914687666,-141.2750244140625,100.54840850830078,-17.098268508911133,51.58572769165039,-28.184762954711914,1
match4_0003621500_0003621552,0.08354433625936508,0.0340748056769371,3234.452181423294,-33.08766174316406,3789.84375,11.0,1.961348056793213,4.63341760635376,5896.5087890625,2218.467544811597,0.24527994791666666,21.365539905328905,0.020934689969833546,-105.96497344970703,57.03059387207031,-38.644500732421875,36.68772506713867,5.946105480194092,0
match4_0003676339_0003676392,0.09109822660684586,0.0013460988411679864,1483.987248981419,-58.70808410644531,3703.7109375,10.0,1.7575366497039795,4.813404083251953,2303.155517578125,1375.4858203087379,0.07857259114583333,24.259774486700408,0.08179318126722245,-197.37335205078125,144.58657836914062,-59.90752029418945,34.03847885131836,29.72321319580078,0
match4_0003679799_0003679857,0.1170925572514534,0.007727371994405985,2534.9215367635106,-31.89780616760254,3897.509765625,8.0,1.79705011844635,4.860630512237549,3902.478966346154,1943.2377836182009,0.23493840144230768,22.877679228992488,0.005579621918768712,-107.60222625732422,100.12307739257812,-49.081241607666016,53.79831314086914,-4.880297660827637,1
match4_0003764262_0003764314,0.1682376116514206,0.005378637928515673,1930.8172579541367,-33.83716583251953,3811.376953125,8.0,1.825210452079773,4.784724235534668,3475.81787109375,1654.7564123663794,0.12565104166666666,21.164383283730732,0.019727528923709187,-66.17389678955078,128.5494842529297,-56.38254165649414,20.575551986694336,-25.297950744628906,1
match4_0003793171_0003793229,0.018525857478380203,0.006371801253408194,1713.0780453184316,-44.3098030090332,3703.7109375,13.0,1.8184788227081299,4.720942497253418,3537.242713341346,1954.6639716768013,0.1015625,21.863993538575993,-0.0003420488561499392,-292.0081481933594,134.62359619140625,-17.777681350708008,44.162723541259766,-5.974400520324707,0
match4_0003895251_0003895309,0.13141264021396637,0.003235600423067808,3432.7814056504935,-31.638141632080078,3919.04296875,4.0,1.8754298686981201,5.06350040435791,4319.063626802885,1884.821141769086,0.3005934495192308,22.41674178885812,-0.022052339831399686,-208.79391479492188,72.61692810058594,-2.1471548080444336,59.04001998901367,-34.35722351074219,1
match4_0003910948_0003911006,0.12282249331474304,0.004008451011031866,2080.1061274881376,-41.384037017822266,3822.1435546875,9.0,1.9567821025848389,4.7523698806762695,3558.775916466346,1705.976588556442,0.17540564903846154,24.094160473106765,0.018637527954728908,-117.6846923828125,120.24102020263672,-57.42371368408203,44.74562454223633,-5.577795028686523,1
match4_0003934220_0003934278,0.110386922955513,0.005964984185993671,2063.8529977957496,-40.30039596557617,3736.0107421875,8.0,1.9427249431610107,4.458912372589111,3498.3173076923076,1696.0872230636944,0.17288912259615385,21.864371034930038,0.011577250151203559,-102.57051086425781,128.17478942871094,-66.95211029052734,30.378084182739258,-11.849635124206543,1
match4_0003965527_0003965585,0.10882473737001419,0.0036487914621829987,1747.034311233155,-49.42595291137695,3714.4775390625,7.0,1.78602933883667,4.412247180938721,3091.6710486778848,1741.8889640997,0.08822866586538461,22.57003677168347,-0.08617299828815025,-154.73484802246094,120.84996795654297,-44.56898880004883,13.121789932250977,-7.82067346572876,0
match4_0003994656_0003994714,0.07461292296648026,0.006347390823066235,2419.7113608202562,-32.06501388549805,3843.6767578125,7.0,1.8862932920455933,4.828216075897217,3860.240760216346,1887.1434727465744,0.24538010817307693,21.36415436035833,-0.006590924921274841,-149.6114959716797,119.47488403320312,-51.94582748413086,30.047672271728516,-30.890064239501953,1
match4_0004016918_0004016976,0.09128444641828537,0.015087182633578777,3830.9528200810723,-30.691659927368164,3703.7109375,11.0,1.820751428604126,4.815476417541504,6946.114408052885,2528.581963044228,0.30179537259615385,21.634674705422086,-0.004722213949085008,-170.94134521484375,46.771175384521484,22.237138748168945,57.386905670166016,-16.617496490478516,0
match4_0004056021_0004056079,0.09392242878675461,0.010236550122499466,3399.87300308275,-30.84410285949707,4069.775390625,0.0,1.7796132564544678,4.55841588973999,5567.161207932692,2198.1763570893736,0.2949969951923077,22.694276469252525,0.017355877417489018,-158.9092559814453,62.83592987060547,-9.93950080871582,46.39092254638672,-47.857662200927734,1
match4_0004087582_0004087640,0.08430401235818863,0.002038378734141588,3558.91647810543,-42.163818359375,3768.310546875,9.0,1.7930597066879272,4.533409118652344,4670.220477764423,1763.9498814009553,0.2938701923076923,21.664233729427973,-0.015271487470900588,-273.7165222167969,39.53768539428711,5.330685615539551,83.73616027832031,-33.03417205810547,1
match4_0004095169_0004095227,0.11413230001926422,0.008806120604276657,2132.1348556105086,-46.755489349365234,3789.84375,9.0,2.0358855724334717,4.352216720581055,3558.775916466346,1858.0442997244863,0.13600510817307693,22.252743267649368,0.03352082488353422,-99.01559448242188,104.95515441894531,-61.61240768432617,10.036239624023438,-7.393850326538086,0
match4_0004145870_0004145928,0.06831060349941254,0.01614810898900032,3240.3685983029354,-35.688968658447266,3822.1435546875,8.0,1.89691162109375,4.722229480743408,5474.402794471154,2336.470909189397,0.22224308894230768,20.930762719475318,0.02105726355499868,-184.71910095214844,48.654052734375,-0.4683017134666443,57.44908905029297,-24.62105369567871,1
match4_0004182488_0004182546,0.1513911783695221,0.0058485292829573154,1949.114077084333,-38.9488525390625,3789.84375,9.0,1.8540877103805542,4.873623847961426,3484.2379056490386,1809.34272755256,0.12417367788461539,21.977538888462366,0.009475174253730382,-76.56905364990234,118.29387664794922,-56.03783416748047,4.226062774658203,-24.74138641357422,1
match4_0004205174_0004205232,0.14947713911533356,0.0075803217478096485,2198.7108943991525,-35.53062057495117,3962.109375,3.0,2.008124589920044,4.461785793304443,3926.496769831731,1964.3340471549761,0.19504957932692307,21.085474070568633,-0.006891910469159852,-86.913330078125,113.39799499511719,-35.7187385559082,36.52829360961914,-19.192874908447266,1
match4_0004243992_0004244050,0.03391299396753311,0.03564823418855667,2800.625008789043,-36.88174057006836,3703.7109375,6.0,1.915269374847412,4.623212814331055,4806.873497596154,2130.3650295069424,0.21135066105769232,20.74767920272413,-0.004863267193693963,-186.658935546875,76.01030731201172,-52.08544158935547,20.68171501159668,-11.364075660705566,0
